{
	"class_name" : "PinholeCameraParameters",
	"extrinsic" : 
	[
		0.97679569045675763,
		-0.12901125641840941,
		0.17095693850338309,
		0.0,
		-0.19732820211364666,
		-0.85241063671743167,
		0.48420830957510291,
		0.0,
		0.083257190414413415,
		-0.50670721539003793,
		-0.85808859572655549,
		0.0,
		-50.337935016217877,
		-35.299385811156384,
		67.627352584465029,
		1.0
	],
	"intrinsic" : 
	{
		"height" : 1052,
		"intrinsic_matrix" : 
		[
			911.05872478122956,
			0.0,
			0.0,
			0.0,
			911.05872478122956,
			0.0,
			959.5,
			525.5,
			1.0
		],
		"width" : 1920
	},
	"version_major" : 1,
	"version_minor" : 0
}